raw,conf,x1,y1,x2,y2
Live more;,0.712574378691078,365,57,543,99
DBS,0.9895752189150683,119,51,301,139
Bank less,0.98255114939951,362,92,536,137
