raw,conf,x1,y1,x2,y2
"Live more,",0.6852205179465058,367,65,545,107
DBS,0.9950528127052578,119,59,301,147
Bank less,0.8960247203361387,367,103,537,141
