raw,conf,x1,y1,x2,y2
{8,0.4632148707790434,163,0,229,171
8,0.9580426532568561,176,170,206,212
