raw,conf,x1,y1,x2,y2
DBS,0.5756029486656189,107,7,252,76
"Live more, Bank less",0.4650065722934941,2,90,294,121
