raw,conf,x1,y1,x2,y2
DBS,0.5756029486656189,123,7,268,76
"Live more, Bank less",0.5754323112627769,17,87,311,121
