raw,conf,x1,y1,x2,y2
DBS,0.9988831831230984,116,10,266,82
"Live more, Bank less",0.7953922633723522,13,93,305,127
