raw,conf,x1,y1,x2,y2
DBS,0.9974884980975475,106,8,256,80
"Live more, Bank less",0.6462082128621458,4,92,294,122
