raw,conf,x1,y1,x2,y2
DBS,0.9816194176673889,106,8,254,80
"Live more, Bank less",0.7069209130142321,0,92,292,121
