raw,conf,x1,y1,x2,y2
DBS,0.9947991571346886,123,11,268,80
Live more; Bank less,0.6027952710360128,18,94,310,126
