raw,conf,x1,y1,x2,y2
DBS,0.9988152628178323,118,2,268,74
"Live more, Bank less",0.8561295274036724,14,86,306,118
