raw,conf,x1,y1,x2,y2
13.7,0.9691267522444059,95,19,135,39
14.7,0.9984682605915686,165,11,205,31
7.7,0.5835855128963082,29,77,57,97
8.8,0.7011859566344195,243,69,273,89
6.6,0.9999175474879581,314,88,346,112
2020,0.9926531308118575,21,193,69,213
2021,0.8217160671279332,86,190,134,214
2022,0.9999995231628418,162,190,210,214
2023,0.9999998807907104,231,193,279,213
2024,0.7685152788890715,302,190,352,214
