raw,conf,x1,y1,x2,y2
2023,0.9999996423721313,994,78,1052,104
SGD 13.1 bn,0.72938730053848,954,118,1092,146
2024,0.7339195683747299,626,266,686,292
SGD 14.6 bn,0.986904698296657,512,298,800,352
financial value,0.87526017816766,570,360,742,386
created,0.9999999098862461,609,392,701,418
