raw,conf,x1,y1,x2,y2
11.5,0.7536833230858899,113,19,155,39
12.4,0.6382437114782605,184,8,226,32
11.9,0.6800091618137051,327,13,369,33
11.4,0.7240477849640362,254,22,298,46
10,0.9999962067857412,50,32,78,56
2020,0.9999759197235107,39,181,87,201
2021,0.7375514232936647,107,181,153,201
2022,0.6031361903812191,180,180,230,204
2023,0.9993082423070309,251,181,297,201
2024,0.9999996423721313,323,181,369,201
