raw,conf,x1,y1,x2,y2
12,0.9999694858180386,119,63,145,83
13,0.977988672986883,332,54,360,78
2020,0.9266553485761359,36,150,86,174
2021,0.7897075914675052,104,150,150,174
2022,0.9999997019767761,178,150,226,174
2023,0.9999997615814209,248,150,296,174
2024,0.9717516802132051,318,150,368,174
