raw,conf,x1,y1,x2,y2
Solid,0.9999910968888175,85,0,169,33
2,0.9904062691530271,3,15,65,91
weal-,0.9832043783840609,90,36,169,68
fnan,0.24503418803215027,89,67,168,103
