raw,conf,x1,y1,x2,y2
TheBanker,0.9998071895481002,48,20,176,50
Bank of the Year 2018,0.9062892929918271,35,139,185,159
GLOBAL,0.9999874438992078,79,171,143,189
