raw,conf,x1,y1,x2,y2
DBS,0.9880101516459148,158,28,226,60
BTBRarcn,0.07653207349454488,308,26,422,50
a eCn,0.0010331574563534822,314,50,380,56
Business Cooperation Agreemen,0.9645104426084005,85,89,327,107
ng Ceremony,0.8904080034047194,367,88,469,109
baticen,0.16025000571260503,255,109,297,121
DBS,0.995095318743297,121,123,151,139
Limited and Jepan Flnt,0.3626449815899635,183,123,329,139
Joration,0.3946545566498443,377,123,433,139
