raw,conf,x1,y1,x2,y2
Income (SGD million),0.9337106829729164,40,18,268,46
"22,297",0.999782939935815,351,49,411,69
"20,180",0.9566196817370215,279,61,339,81
"16,502",0.6688335703491189,206,80,268,104
"14,592",0.5289617813625296,64,90,126,114
"14,188",0.9999985886571049,136,92,198,116
2020,0.9997798718301405,72,216,122,240
2021,0.9999996423721313,138,216,186,240
2022,0.9999998211860657,212,216,262,240
2023,0.9999996423721313,282,216,332,240
2024,0.9999997615814209,354,216,404,240
