raw,conf,x1,y1,x2,y2
Supporting SMEs in,0.9440664846499327,98,0,414,48
2,0.9998712581111704,0,15,85,100
their,0.9997894129563992,99,41,187,77
sustainability,0.9999895498649809,185,31,415,86
offortc,0.6506705256844411,102,78,212,100
