raw,conf,x1,y1,x2,y2
Board,0.9999948820450144,226,14,296,40
Board,0.9999941356763207,70,84,140,108
Chairman,0.9999177279498426,204,96,316,122
CEO,0.9922117590904236,392,96,442,122
Committee,0.9990716209662985,42,108,166,132
Group,0.9999657203050055,380,155,455,185
Management,0.9808265559592616,345,179,490,209
Committee,0.9997156258898746,356,202,480,228
