raw,conf,x1,y1,x2,y2
Return on equity (%),0.7276582057495993,52,11,278,44
18.0,0.8780935748083637,300,46,342,70
18.0,0.9996999502182007,373,49,413,69
15.0,0.7270792197193788,229,69,269,89
12.5,0.9995766282081604,157,85,199,105
9.1,0.8408279418945312,91,107,119,127
2020,0.9999464750289917,83,207,131,227
2021,0.9999998211860657,151,207,195,227
2022,0.9979503314312093,225,207,271,227
2023,0.9999991655349731,295,207,341,227
2024,0.9082924736847171,364,204,414,228
