raw,conf,x1,y1,x2,y2
Cost/Income (%),0.5466263790230852,30,14,210,42
42,0.9999981455391691,73,61,97,77
46,0.9999989884757856,142,46,170,70
43,0.4037506580352783,213,55,239,75
40,0.9999994942378553,285,63,311,83
40,0.9999984827137908,357,61,383,81
2020,0.9433777420789753,60,192,110,216
2021,0.7604821604389189,126,192,174,216
2022,0.6303758850815406,202,192,250,216
2023,0.9999996423721313,270,192,320,216
2024,0.890557011529125,342,192,392,216
