raw,conf,x1,y1,x2,y2
Deepening our,0.9760457209965261,107,1,349,45
3,0.9999959468882622,0,9,85,111
presence in the,0.9997287347728963,105,36,361,81
Greater Bay Area,0.7265296548111145,107,75,388,117
