raw,conf,x1,y1,x2,y2
44,0.4803012565615273,0,7,26,31
DBS Annual Report 2024,0.9415778992588915,1011,5,1232,35
Making Greater Impact,0.8218684950857693,1251,7,1475,34
POSB Highlights in 2024,0.8801135706915859,1656,5,1885,34
45,0.8526215220106327,3105,7,3136,31
