raw,conf,x1,y1,x2,y2
6,0.9999992847443906,615,77,631,99
2.1,0.5945102586043379,18,218,56,242
1.9,0.9992369705228215,20,270,56,294
D0o,0.2812413885110838,22,340,65,354
