raw,conf,x1,y1,x2,y2
Net,0.9999984858388146,8,6,60,38
has grown fivefold,0.9314782481428703,133,5,371,43
since 2009,0.9998065427068121,6,40,146,70
profit,0.9998366194570744,56,8,137,36
