raw,conf,x1,y1,x2,y2
6wue,0.15892581641674042,199,331,298,375
Hcco,0.05358416214585304,527,-18,603,94
0,0.23507523515633366,362,17,408,45
#posp,0.2163151194192046,183,259,239,293
Sretod,0.027270066909481857,243,276,299,303
Kn,0.06558254634510373,299,287,341,307
