raw,conf,x1,y1,x2,y2
Empowering your regionalisation journey:,0.7257295405002504,155,65,1453,157
3,0.4697582204622144,601,193,615,231
OriOGinG,0.5763810933410278,616,184,982,264
lbusiness,0.767139957208286,585,224,985,339
horiz,0.9022109331839846,614,316,830,392
Os,0.26719549718497876,869,321,981,389
Dircyer,0.11372957802877987,622,394,738,418
Dehilor,0.09509585840155216,758,394,864,418
DESBE,0.025413016861006808,882,394,974,418
