raw,conf,x1,y1,x2,y2
GPRAKCE,0.7164585412041619,48,154,184,206
"BANK ,",0.7288949562162848,50,31,132,38
AWARD,0.9856195690520085,135,2,183,89
0,0.09492907169626452,38,44,61,141
2,0.3752768962208428,176,74,196,140
