raw,conf,x1,y1,x2,y2
86,0.7557092499607247,119,23,141,37
90,0.9999340829652656,259,13,283,31
91,1.0,329,13,353,33
2020,0.9999624490737915,32,180,82,203
2021,1.0,100,180,146,203
2022,0.9999994039535522,174,180,224,203
2023,0.9999995231628418,244,180,292,203
2024,0.9999998211860657,316,180,366,203
