raw,conf,x1,y1,x2,y2
Live more;,0.7127191096825233,340,48,490,80
DBS,0.9991012617203076,131,39,288,115
Bank less,0.7987473346305642,339,76,486,113
