raw,conf,x1,y1,x2,y2
DBS,0.9999318630507482,24,58,76,86
13,0.999998651301114,632,58,664,84
Peer,0.999962329864502,22,150,80,176
average,0.9999998648293681,22,180,120,208
STI,0.9899113798733018,22,272,62,298
