raw,conf,x1,y1,x2,y2
DBS,0.999775907486035,1052,24,1208,109
Presents,0.5687027822828383,1051,120,1148,145
DBS,0.9631734490394592,270,168,324,198
INDIA SENGAPORE,0.7583345797462141,955,150,1294,216
Indorncipore,0.11795540837693813,237,210,349,247
CONNECT,0.9984580851387181,1002,197,1197,252
S,0.8784568139430036,39,329,67,343
