raw,conf,x1,y1,x2,y2
DBS Foundation,0.6757756775688484,671,104,1023,180
The,0.9999465227661,685,207,759,251
Summit 2024,0.7332704980348386,719,335,957,387
The Future of Ageing in Asia,0.5380070149835129,617,403,1029,447
IMP4cT,0.27499572841168285,694,237,910,282
Be lond,0.21981552886843303,721,287,953,322
