raw,conf,x1,y1,x2,y2
Big,0.9995598738072802,267,85,313,125
SIAs| 2,0.5368829269429348,675,135,769,175
CORPORATE SUSTAINABILTY AWARD,0.7984153343318086,181,228,531,288
Co65,0.10158451646566391,720,276,784,326
2024,0.9998548626899719,728,316,766,340
DBS,0.9577071666717529,243,270,497,409
Cap,0.9998223634586303,311,90,356,128
WINNER,0.653498067911525,255,129,379,182
SINGAPORE,0.9947236654512234,51,217,185,259
~Investors,0.5887784077356908,728,261,792,294
