raw,conf,x1,y1,x2,y2
C,0.8004334662244936,576,28,604,74
Scon,0.6994420289993286,311,69,335,83
Ac,0.9237578686147108,556,132,604,196
Ahere |,0.12268456639945727,441,3,475,40
roy 60.,0.041244303857127615,333,71,369,91
9,0.1325867432022898,406,159,449,189
