raw,conf,x1,y1,x2,y2
2024,0.9999998807907104,409,101,459,121
2009,0.999830961227417,151,173,199,193
124,0.9999990364428464,401,127,554,213
35,0.9999940121825609,147,205,207,249
