raw,conf,x1,y1,x2,y2
8,0.9966896795240245,442,112,468,144
55,0.8896840358708507,414,246,446,270
DAY,0.38923994213730045,444,332,478,356
S1.50,0.6015022743373616,531,269,606,307
WORID,0.757941157711794,425,274,475,303
BOOR,0.9922566413879395,406,309,489,328
