raw,conf,x1,y1,x2,y2
"Bonghan Cho, 60",0.9139828127825906,0,45,259,88
Non-Executive and,0.9913212221762657,0,128,210,154
