raw,conf,x1,y1,x2,y2
MiX,0.4512617611416163,153,25,189,45
Paper | Supporting,0.8112700686526401,108,50,233,71
responslble forestry,0.9210313440131219,105,66,237,85
FSC,0.9999359925451173,32,72,90,96
mw isc.org,0.12192530003530395,32,93,89,107
"FSC"" C020316",0.9557099365078995,102,84,238,108
