raw,conf,x1,y1,x2,y2
14,0.9999993256504904,94,62,124,86
Letter from,0.5619008037791978,91,143,591,231
Chairman & CEO,0.9064130564655535,91,225,797,315
