raw,conf,x1,y1,x2,y2
ETROMONY,0.3951951661343059,20,54,207,110
AWARDS FOR EXCELLENCE,0.9708902806243092,23,97,199,117
2019,0.7867546081542969,136,112,202,142
