raw,conf,x1,y1,x2,y2
"We seek to ""Make Ba",0.8832275992065436,16,16,220,42
tochclogioc and,0.3220011232546057,17,46,186,60
On,0.24675777641796207,189,51,221,60
