raw,conf,x1,y1,x2,y2
@dbs.sg,0.981603291205759,0,5,95,35
@dbsbank,0.9989511202674091,197,6,320,35
fn],0.42026711984365406,376,6,410,35
DBS Bank,0.5269844382093308,420,8,534,34
