raw,conf,x1,y1,x2,y2
"Peter Seah Lim Huat, 78",0.8696610808191705,7,0,371,33
Chairman,0.9999918234975427,6,35,137,65
