raw,conf,x1,y1,x2,y2
BANK,0.4161680684674207,92,18,148,44
(,0.08700765592454562,31,57,69,148
GPRAKCE,0.6003813185974541,48,154,186,204
BEST _,0.6392414462576257,40,48,104,40
),0.20308569373802562,135,32,211,89
8,0.1293732804891201,178,89,190,145
