raw,conf,x1,y1,x2,y2
The Banker,0.9258550602856411,50,28,180,56
Bankorthe Year 2021,0.8205691350728875,37,149,193,169
GLOBAL,0.9999727464028806,85,181,145,199
