raw,conf,x1,y1,x2,y2
EUROMONBY,0.7265031749979642,92,50,270,100
AWARDS FOR EXCELLENCE,0.6072560532992894,96,94,262,118
WORLD,0.9406176342656767,96,122,152,146
2011,0.2708469331264496,192,114,264,146
BEST BANK,0.9899692103029423,99,139,167,159
