raw,conf,x1,y1,x2,y2
Return on equity has more than,0.9920589855243958,11,23,415,61
"doubled since 2009, surpassing peers",0.8549692584404154,9,55,485,93
18.0,0.9998592138290405,592,58,644,84
13.7,0.6738368508252599,592,176,644,202
12.1,0.9998705983161926,10,218,58,244
8.4,0.8969177043797624,10,362,50,388
2009,0.999969482421875,12,460,72,488
2024,0.9999997615814209,588,460,646,490
