raw,conf,x1,y1,x2,y2
2009,0.999907374382019,58,82,108,106
"14,000",0.935397925678647,59,109,177,151
