raw,conf,x1,y1,x2,y2
BES _,0.6760822533190254,64,0,122,24
2,0.342813672296959,158,44,184,98
GRAKCE,0.48714323027386497,38,132,174,188
BANK,0.4948374535586285,129,-9,164,58
(,0.240783396086389,42,-2,36,105
