raw,conf,x1,y1,x2,y2
A,0.998715694111926,107,11,125,33
2,0.5134479919797883,160,64,186,118
GPRAkcE,0.5097606836671182,33,139,171,199
BANK,0.9959321618080139,39,24,117,31
AWARD _,0.7028475850548471,132,1,165,77
{,0.15574580942858152,29,33,45,123
