raw,conf,x1,y1,x2,y2
Dialli,0.9999967393105645,67,0,150,35
strate,0.9780958559020841,66,38,150,70
serve,0.9997703287261015,66,78,150,104
