raw,conf,x1,y1,x2,y2
"FOR SENIORS, SPECIAL NEEDS",0.778790723508714,18,0,436,26
INDIVIDUALS AND,0.9802793038620791,18,26,272,54
MIGRANT,0.9947583165700222,280,26,414,54
WorkERS,0.22192600316260783,17,55,156,79
