raw,conf,x1,y1,x2,y2
To further,0.7567669031801357,32,2,144,28
entrench the,0.9999985546634117,32,32,170,58
savings habit,0.9997770051362292,32,62,170,92
in schools;,0.7751786836859806,32,92,146,118
