raw,conf,x1,y1,x2,y2
DBS,0.9992132281859462,107,11,252,80
"Live more, Bank less",0.651804720519641,0,94,292,126
