raw,conf,x1,y1,x2,y2
DBS,0.9922880359829815,116,8,266,82
"Live more, Bank less",0.5773142545071778,14,94,304,124
