raw,conf,x1,y1,x2,y2
DBS,0.9991524619114932,122,6,272,78
Live more_,0.8065586493690045,18,90,164,122
Bank less,0.8430959859137354,174,90,310,122
