raw,conf,x1,y1,x2,y2
DBS,0.9992398608994277,115,11,260,80
"Live more, Bank less",0.651804720519641,8,94,300,126
