raw,conf,x1,y1,x2,y2
DBS,0.974102258682251,114,8,262,80
"Live more, Bank less",0.849801444985062,8,92,300,124
