raw,conf,x1,y1,x2,y2
DBS,0.9965484424009232,108,6,258,78
"Live more, Bank less",0.7496341389862611,4,90,296,119
