raw,conf,x1,y1,x2,y2
DBS,0.9972086842720779,106,6,256,78
"Live more, Bank less",0.8284713442525564,2,90,294,121
