raw,conf,x1,y1,x2,y2
Live more;,0.806577863228671,365,59,545,101
DBS,0.9990651327646822,119,55,303,141
Bank less,0.4628663471890165,367,99,537,137
