raw,conf,x1,y1,x2,y2
DBS,0.9992009097278981,118,4,268,76
Live more Bank less,0.8621985432921823,11,85,307,116
