raw,conf,x1,y1,x2,y2
DBS,0.9997255977144922,113,0,263,61
Live more Bank less,0.6890744037684117,8,72,302,99
