raw,conf,x1,y1,x2,y2
DBS,0.9990744230508395,134,4,282,76
"Live more, Bank less",0.49487425232014265,27,85,323,118
