raw,conf,x1,y1,x2,y2
DBS,0.9984825517219637,120,4,270,76
"Live more, Bank less",0.48720299223894875,14,88,308,120
