raw,conf,x1,y1,x2,y2
DBS,0.9991423457168214,114,2,266,74
Live more,0.7566125360190155,9,83,157,116
Bank less,0.9976875521340144,166,86,304,116
