raw,conf,x1,y1,x2,y2
DBS,0.9996796241022139,79,0,249,76
Constant-currency Change,0.7215628676694085,926,0,1478,48
Gross loans,0.8199352621160991,307,36,499,73
