raw,conf,x1,y1,x2,y2
"Live more,",0.5807334304651649,367,65,545,105
DBS,0.9934260735743831,119,57,303,145
Bank less,0.9024945361409797,367,101,537,139
