raw,conf,x1,y1,x2,y2
DBS,0.9989581920819237,107,0,254,60
ive,0.9945265283253417,16,74,62,97
more,0.8703975081443787,69,79,145,97
Bank less,0.7488932829371572,156,74,292,97
