raw,conf,x1,y1,x2,y2
DBS,0.9988233829433428,110,4,260,76
Live more Bank less,0.7140597815481338,4,88,298,116
