raw,conf,x1,y1,x2,y2
DBS,0.9992368328858682,132,2,282,74
"Live more, Bank less",0.9085155154722536,28,86,320,116
