raw,conf,x1,y1,x2,y2
DBS,0.9990654080322539,106,4,256,76
Live more,0.9997271631008391,2,88,148,116
Bank less,0.9196468217402308,158,88,296,116
