raw,conf,x1,y1,x2,y2
DBS,0.9990259072396203,122,4,270,76
"Live more, Bank less",0.6770868082948123,16,88,310,120
