raw,conf,x1,y1,x2,y2
DBS,0.9990100106382184,108,2,256,74
"Live more, Bank less",0.5614158014823559,2,86,296,114
