raw,conf,x1,y1,x2,y2
"Live more,",0.5129487507719726,365,57,543,97
DBS,0.9990872918367102,119,51,301,137
Bank less,0.951282654935485,363,93,535,133
