raw,conf,x1,y1,x2,y2
Live more;,0.6409426894351155,365,61,543,99
DBS,0.995768088278635,117,53,299,141
Bank less,0.5226495936235291,365,97,535,135
