raw,conf,x1,y1,x2,y2
8.2,0.9322927705980462,48,24,88,48
7.6,0.9997557997703552,296,30,332,54
7.7,0.9990391135215759,378,30,414,54
6.8,0.999947968091708,132,38,170,64
6.3,0.9998728803555608,214,44,252,70
2018,0.695023465259439,42,154,94,178
2019,0.9999994039535522,126,154,176,178
2020,0.9999811053276062,206,154,260,178
2021,0.9999998807907104,290,154,340,178
2022,0.9999996423721313,370,154,424,178
