raw,conf,x1,y1,x2,y2
Detes,0.008934672841679054,145,37,219,51
Dozmy,0.009749362913327878,147,59,211,73
