raw,conf,x1,y1,x2,y2
S,0.4742169203445066,112,54,160,126
S,0.8333913630776948,173,111,215,169
Committed,0.9999882777188411,86,232,212,258
SGD 480 million,0.7390926717588822,84,258,408,308
of transition loans in 2022 to support,0.9317148565377621,86,315,492,347
our clients' transition journey,0.7833098454646843,86,347,408,378
