raw,conf,x1,y1,x2,y2
Wholesale,0.9999766348427649,32,2,154,28
Funding Breakdown (SGD billion),0.9662549122637255,151,0,533,37
