raw,conf,x1,y1,x2,y2
26%,0.4144836366176605,83,53,127,73
Material risk,0.9716972140592269,114,140,240,164
41%,0.982182937168842,270,140,318,164
personnel,0.9999858537809443,125,165,226,192
33%,0.9309245724950374,88,244,134,268
