raw,conf,x1,y1,x2,y2
Achieved,0.9999983141254709,170,0,264,26
carb,0.9998040795326233,166,28,267,76
neut,0.6793972180802396,168,78,267,126
at the en,0.713942871715612,170,134,264,160
in our OW,0.9111133616153362,168,164,267,190
