raw,conf,x1,y1,x2,y2
"13,183",0.7919683537625041,50,70,120,96
"14,544 14,592",0.7472254857078464,128,62,286,88
"14,188",0.9999203314263012,296,64,366,90
"16,502",0.9999980046530172,374,52,452,78
2018,0.7237644514839613,60,184,110,208
2019,0.9999995231628418,142,184,192,208
2020,0.9999881982803345,222,184,276,208
2021,1.0,306,184,356,208
2022,0.7694128429163343,386,182,440,208
