raw,conf,x1,y1,x2,y2
Tatue,0.08033709796678533,1197,721,1273,757
oybeatrdid,0.023007109858223334,1187,763,1298,763
