raw,conf,x1,y1,x2,y2
VV,0.32293802991486814,994,30,1128,154
lello,0.5071814932160997,91,106,299,211
Lets build a,0.8146544791301328,106,181,426,254
DINE IN?,0.6125862532944508,909,391,963,407
together:,0.8859459714547172,290,398,549,502
TareAwvay),0.016106855267931732,897,455,971,469
#DificrentkindoiBank,0.5049143429128493,309,491,536,520
"""akoledk",0.008590055059427976,160,195,475,473
