raw,conf,x1,y1,x2,y2
FINANCE,0.5173994015983021,41,13,93,31
8,0.42851453570012055,96,66,122,100
GMKa,0.5876038670539856,19,99,115,137
1,0.10707354786131962,34,17,30,52
),0.5922467812178098,86,24,128,65
8,0.19167916512390448,14,73,38,97
