raw,conf,x1,y1,x2,y2
Return on equity (%),0.8892388393661063,2,10,210,38
15.0,0.9999209046363831,348,32,398,56
12.1,0.634167395140622,22,52,66,78
13.2,0.5269187015951102,102,44,152,70
12.5,0.9999949932098389,266,50,316,74
9.1,0.9999732957477904,192,74,226,98
2018,0.9999998807907104,20,180,70,204
2019,0.9999986886978149,102,180,152,204
2020,0.9999741911888123,182,180,236,204
2021,0.9999999403953552,266,180,316,204
2022,0.9999990463256836,346,180,400,204
