raw,conf,x1,y1,x2,y2
~5,0.08352175354307746,453,0,481,13
Tesponaibie,0.6852701655843113,1171,0,1249,11
FSC,0.6183255332076106,1100,2,1156,26
mascoro,0.04773549225674169,1102,26,1154,34
"FSC"" C020316",0.9829671122422383,1170,14,1304,38
facebook comldbs,0.8776519641632353,0,48,212,76
twitter comldbsbank,0.6287520571989735,294,48,542,76
#RecyclemoreWasteless,0.9999558016329165,1080,54,1307,77
