raw,conf,x1,y1,x2,y2
2,0.6470012938925471,88,48,114,84
GFSRAKcE,0.17377072681881153,13,83,109,121
1,0.3421856441130764,87,11,118,51
3,0.9933113025303761,6,57,32,79
