raw,conf,x1,y1,x2,y2
Scan her,0.9142175229399866,172,66,250,90
Sustaina,0.9999657469041487,173,89,250,109
