raw,conf,x1,y1,x2,y2
Cost/Income (%),0.9616107598047103,24,6,192,32
46,0.9999996628252286,300,34,332,58
44,0.9999997471189183,54,56,86,80
43,1.0,136,68,168,92
43,0.999999915706304,382,68,414,92
42,0.9999998314126102,218,78,250,104
2018,1.0,44,196,94,220
2019,0.9999994039535522,126,196,176,220
2020,0.9999786615371704,206,196,260,220
2021,0.7027001237591327,290,196,340,220
2022,0.9999996423721313,370,196,426,220
