raw,conf,x1,y1,x2,y2
87,0.8347227892413034,380,16,412,40
86,0.703275311000267,298,26,330,50
84,0.7311210910002971,216,48,248,72
83,1.0,134,58,166,82
82,0.7017448523856743,52,70,84,94
2018,0.9999999403953552,42,186,94,210
2019,0.5331457855019497,124,186,176,210
2020,0.9999887943267822,206,186,260,210
2021,0.9999997019767761,288,186,340,210
2022,0.9999992847442627,370,186,424,210
