raw,conf,x1,y1,x2,y2
BIG,0.7211840316357516,908,76,948,102
Hoanue,0.0038170599618774174,245,137,312,167
g,0.8768899395254834,0,249,15,273
Themes,0.4877524038102138,938,71,1024,86
