raw,conf,x1,y1,x2,y2
15,0.9999978083645809,52,14,82,38
14,0.653273703634768,299,23,327,43
15,0.9999951109690732,380,14,410,38
13,0.6216242909431458,134,28,164,54
2018,0.9999488203110137,42,164,92,188
2019,0.999999463558197,124,164,174,188
2020,0.8168011239565038,204,164,258,188
2021,0.9999998807907104,288,164,338,188
2022,0.8293115579855933,368,164,422,188
