raw,conf,x1,y1,x2,y2
Board,0.9999913101370989,226,24,296,48
Board,0.7265030389458016,68,90,136,114
Chairman,0.9998230610457537,204,100,316,126
CEO,0.9988189099917556,396,102,444,128
Committee,0.9999285128850822,40,114,164,138
Group,0.9998988131912563,383,163,456,190
Management,0.8737028316840534,348,188,494,216
Committee,0.9980443971919909,358,210,482,236
