raw,conf,x1,y1,x2,y2
18%,0.8454848908304752,203,71,245,91
46%,0.9598007538779444,25,151,69,171
Senior,0.9999514300802167,129,163,195,183
Management,0.9999942323053734,98,188,228,214
36%,0.9487760360350753,227,255,271,275
