raw,conf,x1,y1,x2,y2
by,0.9991814377748456,743,53,787,89
DB5 digbanting,0.14336900056765947,601,68,928,166
powered,0.9986703564215185,610,68,746,83
