raw,conf,x1,y1,x2,y2
2.0,0.9999748787291493,284,4,324,30
2.1,0.5612207651138306,368,2,402,26
1.6,0.9691954584332033,40,22,76,48
1.7,0.9853758215904236,122,18,156,42
1.8,0.9010144143179213,204,14,240,38
2018,0.9999998807907104,32,132,82,156
2019,0.9999986886978149,114,132,164,156
2020,0.9999752044677734,196,132,248,156
2021,0.7724820054948401,278,132,328,156
2022,0.9999991655349731,358,132,412,156
