raw,conf,x1,y1,x2,y2
DES Tee=,0.1066759565387086,500,144,622,176
1RALI5,0.03514905282747771,725,141,873,189
DBSI,0.7037423849105835,907,132,1020,192
SRCB,0.9995120210713865,183,141,288,226
Riireit,0.07419419994578422,288,169,434,251
