raw,conf,x1,y1,x2,y2
eign,0.9999921917915344,0,12,50,42
than,1.0,4,42,58,68
SB,0.9998134631446565,0,72,30,98
ns,0.6510173475581441,0,139,25,159
ce,0.9995374275326554,0,169,23,189
