raw,conf,x1,y1,x2,y2
Outstanding,0.8193988005691883,35,34,152,66
Leadership in,0.9503119554316882,30,66,156,92
Transition/,0.988429799319512,41,91,143,115
Sustainabilitv-linked,0.7230645547686297,2,118,182,141
