raw,conf,x1,y1,x2,y2
MIX,0.9463151821663279,157,27,195,47
Paper from,0.9920177881048652,138,52,213,72
responsible sources,0.7733880237726379,110,66,241,86
FSC,0.9999434944657334,38,74,94,98
WMAscoro,0.07299499513915172,40,98,92,106
"FSC"" C020316",0.9171460295177271,110,86,244,110
