raw,conf,x1,y1,x2,y2
Data coverage targets,0.6955505446926465,121,33,418,70
Food &,0.9999918897516467,346,114,430,140
On track,0.6928369523146208,94,126,202,152
Agribusiness,0.9999938056895687,312,142,466,172
On track,0.9995049420176975,94,212,202,238
Chemicals,0.9060393008902429,324,212,448,238
