raw,conf,x1,y1,x2,y2
31,0.9999930486261803,216,18,246,42
19,0.6524318381212352,52,56,82,80
20,0.9999988198884456,134,52,166,78
12,0.9999996628252286,298,78,328,102
2018,0.9999998807907104,42,156,92,180
2019,0.9999985694885254,124,156,174,180
2020,0.9999774694442749,204,156,258,180
2021,1.0,288,156,338,180
2022,0.999998927116394,368,156,422,180
