raw,conf,x1,y1,x2,y2
52,0.9999993256504904,302,4,334,28
42,1.0,220,28,252,52
36,0.9999992413568111,56,42,88,66
36,0.9999991570631338,138,42,170,66
36,0.9999993256504904,384,42,416,66
2018,1.0,46,170,98,194
2019,0.9999982714653015,128,170,178,194
2020,0.9999765753746033,208,170,262,194
2021,0.9999996423721313,292,170,342,194
2022,0.9999991059303284,372,170,426,194
