raw,conf,x1,y1,x2,y2
(,0.9985122258000025,81,24,121,115
2022,0.9986990094184875,118,106,170,132
),0.8440390038160785,108,17,229,91
