raw,conf,x1,y1,x2,y2
Finance,0.6490355232584476,39,0,94,22
GPRKcE,0.1777563512043174,19,89,117,131
LBLE =,0.2951741528500422,15,27,49,21
),0.8570475263255162,85,13,129,54
1,0.6223024869100868,8,48,38,87
2,0.1725489633063404,104,51,112,93
