raw,conf,x1,y1,x2,y2
DBS Group Holdings Ltd,0.9467865122089787,1115,153,1541,213
Annual Report 2022,0.9105584891254633,1118,204,1452,254
