raw,conf,x1,y1,x2,y2
Proxy,0.9996936103091139,0,0,204,92
form,0.999988853931427,0,69,170,144
