raw,conf,x1,y1,x2,y2
DBS,0.9987234647259652,116,4,266,76
"Live more, Bank less",0.9186371809677865,9,85,306,121
