raw,conf,x1,y1,x2,y2
DBS,0.9986985541943822,233,5,487,122
Performance Summary,0.8634926828331863,0,154,475,205
