raw,conf,x1,y1,x2,y2
Materiality,0.9997385284543653,181,182,365,230
Group,0.9999611887641832,124,371,228,408
scoping,0.6562119449148907,116,408,238,440
audit,0.9999908303284581,259,567,359,603
matters,0.8679126035748109,206,604,342,634
Key,0.9999852025288544,192,565,256,611
