raw,conf,x1,y1,x2,y2
8,0.6402132784163008,173,0,239,162
3,0.9999995231628986,186,160,216,202
