raw,conf,x1,y1,x2,y2
Live more;,0.5400827106596022,367,65,545,105
DBS,0.9992635345023604,119,59,303,145
Bank less,0.5966621698481015,367,103,537,141
