raw,conf,x1,y1,x2,y2
DBS,0.9992742702307799,126,7,274,76
"Live more, Bank less",0.5166951687892193,21,87,315,121
