raw,conf,x1,y1,x2,y2
DBS,0.9955153712617167,110,8,260,80
Live more; Bank less,0.7295588630441862,6,92,298,124
