raw,conf,x1,y1,x2,y2
DBS,0.9980675610366556,106,10,256,82
"Live more, Bank less",0.5514909476753426,2,94,294,126
