raw,conf,x1,y1,x2,y2
DBS,0.5938076972961426,116,8,264,80
"Live more, Bank less",0.8501725722069143,10,92,302,124
