raw,conf,x1,y1,x2,y2
DBS,0.997449968891348,112,6,260,78
"Live more, Bank less",0.6097366229064525,5,87,301,121
