raw,conf,x1,y1,x2,y2
DBS,0.9926345650839438,116,8,266,80
Live more; Bank less,0.7154886324652805,11,89,305,125
