raw,conf,x1,y1,x2,y2
DBS,0.997804238693002,120,2,268,74
Live more; Bank less,0.7272672313907204,16,86,308,118
