raw,conf,x1,y1,x2,y2
DBS,0.9987584221869009,116,2,266,74
"Live more, Bank less",0.6873838912776867,11,84,306,114
