raw,conf,x1,y1,x2,y2
DBS,0.9993417818001497,118,6,268,78
"Live more, Bank less",0.7357212850573734,14,90,306,120
