raw,conf,x1,y1,x2,y2
DBS,0.9996329625518534,110,2,260,76
Live,0.9998399615287781,4,86,66,111
moreBank less,0.9860509302834519,72,86,298,111
