raw,conf,x1,y1,x2,y2
DBS,0.9991572103341326,132,0,282,72
Live more Bank less,0.6141116869825498,28,84,320,111
