raw,conf,x1,y1,x2,y2
DBS,0.9987821630756878,116,6,266,78
"Live more, Bank less",0.4857878532048564,12,90,304,118
