raw,conf,x1,y1,x2,y2
DBS,0.9990744230508395,118,4,266,76
Live more,0.6624951471473174,16,88,158,114
Bank less,0.94989851324107,168,88,306,114
