raw,conf,x1,y1,x2,y2
DBS,0.9985927197701284,106,4,256,76
Live more,0.9974551338951724,2,88,148,114
Bank less,0.9439797293838665,158,88,296,114
