raw,conf,x1,y1,x2,y2
(8),0.45214600339016414,163,0,227,107
(23),0.6194476860092571,152,102,240,158
9,0.999999880790714,174,162,204,202
