raw,conf,x1,y1,x2,y2
"Live more,",0.5629739893578415,367,61,545,101
DBS,0.9933928602866776,119,53,303,141
Bank less,0.8555330454549359,367,97,537,135
