raw,conf,x1,y1,x2,y2
Live more;,0.5583737985703541,367,59,545,97
DBS,0.995098069951552,119,51,301,139
Bank less,0.9663209228782067,367,94,538,137
