raw,conf,x1,y1,x2,y2
DBS,0.998799022593344,54,18,98,44
DIGITaL,0.16586871236349787,27,34,278,106
TRANSFORMATION 2.0,0.8442067054636742,36,98,270,122
0 2 3,0.09681533865467112,225,135,269,151
Overview,0.9994986533227376,121,159,198,186
Piyush Guplz,0.5787417242734204,123,189,197,207
Clua  Execttve Otlicet,0.051577122500663514,100,206,221,226
