raw,conf,x1,y1,x2,y2
xRhl{f,0.06258552360779043,462,40,833,160
DBS,0.9997035743918293,941,34,1206,160
RRtt 28R,0.09050214974044452,72,360,252,392
A,0.0246898331522305,68,397,248,463
L,0.2549452956973397,629,253,704,564
Ai,0.07562234242135933,75,463,101,479
Eie (77m4),0.007404665700894691,109,461,221,479
10r01 #0A,0.04571226939340569,70,481,209,499
0,0.15948167408927905,305,402,419,811
3,0.12280593458755451,1202,413,1371,929
