raw,conf,x1,y1,x2,y2
49,0.11849138045507203,18,28,46,56
8,0.2593741587428475,105,57,121,87
4,0.970237592285006,94,82,118,110
2023,0.9989194869995117,43,105,91,125
~eADERS,0.4896621895547156,49,1,115,66
0,0.2380712972236946,5,52,44,108
