raw,conf,x1,y1,x2,y2
2.1,0.9973202094956378,282,0,316,24
2.2,0.6866918206214905,365,0,399,17
2.0,0.9999775629156988,198,8,234,32
1.7,0.8364226607522471,33,35,65,55
1.8,0.5295987725257874,116,28,152,52
2019,0.9014624225174529,22,158,76,182
2020,0.9999872446060181,106,158,160,182
2021,0.9999997615814209,190,158,242,182
2022,0.7486706013573836,272,158,326,182
2023,0.9999985694885254,356,156,410,182
