raw,conf,x1,y1,x2,y2
priorities,0.9999897086097858,186,45,357,102
for 2024,0.9849140057693215,121,97,267,137
Key,0.9999927044989317,123,50,189,104
