raw,conf,x1,y1,x2,y2
422,0.9999996558724309,48,28,92,54
420,0.9999984858388146,300,30,344,54
450,0.9999964210740566,620,32,666,58
422,0.9999995870469189,808,28,852,54
420,0.9999997935234566,1066,30,1112,54
400,0.9999853401796136,620,90,666,116
8%,0.9368290263543949,810,82,850,106
8%,0.6972981715423242,1068,80,1110,106
170,0.9564016011300899,44,100,96,121
16%,0.9890280192638408,296,98,348,121
