raw,conf,x1,y1,x2,y2
Board,0.9999936558678401,190,14,260,40
Board,0.9999882713485821,34,84,104,108
Chairman,0.9998318703666916,170,96,280,122
CEO,0.9991759287832623,356,96,406,122
Committee,0.9998332192497705,6,108,130,132
Group,0.9998728498900599,344,154,419,185
Management,0.9999916311818636,309,179,456,209
Committee,0.9999736545734882,320,202,444,228
