raw,conf,x1,y1,x2,y2
ome the market leader in digital,0.7824545221357291,0,9,391,47
1cassurance,0.6134645415283353,0,52,146,78
offerings,0.9996293580491549,143,44,264,86
