raw,conf,x1,y1,x2,y2
4,0.3145619093569998,721,359,763,395
8,0.9944966663303809,143,385,181,445
S-h,0.3447397869319012,198,390,276,438
8,0.7343693174754417,995,517,1031,565
J,0.6819841344461111,447,577,489,613
8,0.31144538918717046,1000,636,1028,678
280,0.5647746464447325,276,243,361,250
240,0.9995541616285946,181,325,255,307
N-El,0.5283485021008507,904,626,972,694
