raw,conf,x1,y1,x2,y2
Read more in our,0.9421120645948964,68,44,226,68
Sustainability Report,0.7732793174402464,35,64,226,92
