raw,conf,x1,y1,x2,y2
"Peter Seah Lim Huat,",0.6080561080089516,17,0,367,35
"77,Chairman",0.9999652787104077,14,34,192,66
Non-Executive and,0.950540560222106,16,66,232,94
