raw,conf,x1,y1,x2,y2
"Punita Lal,",0.600338639946083,151,117,339,161
61,0.9999987355947788,152,158,188,186
Non-Executive and,0.8002625630724252,154,190,370,216
Independent Director,0.9999756626990904,150,218,403,256
