raw,conf,x1,y1,x2,y2
in,0.7854450345039368,10,8,40,32
DBS E,0.9764866692368802,52,6,114,32
