raw,conf,x1,y1,x2,y2
0,0.13785179248569168,0,5,17,31
@dbs.sg,0.9017125211927337,26,6,126,32
