raw,conf,x1,y1,x2,y2
3X,0.9685101985708202,190,66,224,90
3X,0.9838534684471698,310,62,344,86
2X,0.9854508305160282,68,86,100,110
2017,0.8262416679021798,58,160,110,184
2022,0.9999995231628418,178,160,232,184
2023,0.999997079372406,300,160,354,184
