raw,conf,x1,y1,x2,y2
"Judy Lee,",0.9819542162112208,306,142,475,192
56,0.999997724070939,314,182,352,212
Non-Executive and,0.552101490649685,316,216,532,242
Independent Director,0.9633377643512737,311,246,559,278
