raw,conf,x1,y1,x2,y2
2022,0.9999991655349731,986,96,1044,122
SGD 10.7 bn,0.9217074976479639,934,132,1096,164
2023,0.9999988079071045,624,228,684,254
SGD 13.1 bn,0.9682034312599014,512,260,796,314
financial value,0.8585963748893619,554,324,756,354
created,0.9989039330750805,600,354,708,386
