raw,conf,x1,y1,x2,y2
Yet,0.047867946864152404,539,409,623,445
rR Eaha,0.03426023465236934,471,444,568,476
