raw,conf,x1,y1,x2,y2
Target set,0.9999435325710119,388,24,490,50
in 2017,0.992765808385033,389,47,461,67
60,0.9999393090775781,178,86,210,110
62,0.9999979769518709,300,84,332,108
42,0.9933767006663361,56,106,88,130
2017,0.9187972848421838,44,180,100,204
2022,0.9272959493376536,166,180,222,204
2023,0.999997615814209,288,180,342,204
