raw,conf,x1,y1,x2,y2
Wrermtt,0.0152976121219383,104,118,258,150
((Ax)rmrm,0.013858749059519105,246,110,419,161
Fmha R Meru,0.00220674868690191,188,148,354,174
DBS Taiwan Marks New Chapter as Taiwan $,0.46590084944755794,28,169,360,195
Forelgn Bank,0.6897461955983859,397,178,498,202
Lerest (,0.2206470223007158,357,170,397,205
