raw,conf,x1,y1,x2,y2
Euromoney,0.9998139056409651,7,15,144,46
World's Best Bank,0.8244204122865916,8,42,216,68
for Corporate,0.9982508587622804,6,69,166,99
Responsibilitv,0.8580833458640907,7,94,170,121
