raw,conf,x1,y1,x2,y2
"se Ghow,",0.7221069168422184,0,133,151,175
Director,0.9987630101912573,0,236,92,262
