raw,conf,x1,y1,x2,y2
MIX,0.9746607849349741,169,23,207,43
Paper from,0.7843642679985854,150,48,225,68
responslble sources,0.6923651013301965,122,62,253,82
FSC,0.9999320007005238,50,70,106,94
wfsc prg,0.2912794722681988,50,91,105,105
"FSC"" C020316",0.9515060661440707,120,82,254,106
