raw,conf,x1,y1,x2,y2
Live more;,0.6667741402956113,348,56,496,88
DBS,0.9988233829433428,138,50,294,124
Bank less,0.9895148521487046,348,88,490,120
