raw,conf,x1,y1,x2,y2
14,0.8397221548045575,221,21,247,41
15,0.9999950266754979,302,12,332,36
13,0.999998651301114,52,26,82,50
2019,0.8021904941873053,40,166,94,190
2020,0.9999810457229614,124,166,178,190
2021,0.8841912222225106,206,166,258,190
2022,0.999999463558197,290,166,344,190
2023,0.7125586727078396,372,166,428,190
