raw,conf,x1,y1,x2,y2
1,0.7803716558246557,703,361,723,387
CounTER,0.27713465404918614,617,352,697,386
