raw,conf,x1,y1,x2,y2
90,0.9999720146072846,384,10,414,34
87,0.5015852315341286,301,29,329,49
86,0.9999994942378553,218,36,248,60
84,1.0,135,61,163,81
83,1.0,50,68,80,92
2019,0.9999998807907104,38,194,92,218
2020,0.9999824166297913,122,194,176,218
2021,0.9999998807907104,206,194,258,218
2022,0.999998927116394,288,194,342,218
2023,0.9996831074557668,372,194,426,218
