raw,conf,x1,y1,x2,y2
Big,0.999787056893083,96,108,130,132
DBS,0.9999757046326001,102,176,212,230
KPMG,0.9998846054077148,596,172,741,217
COp,0.3820689880106202,129,109,165,132
