raw,conf,x1,y1,x2,y2
7.6,0.9995526671409607,208,12,244,36
7.7,0.9198766392030191,293,7,325,27
6.8,0.9999917409427199,42,32,78,56
6.3,0.9999705427375312,127,43,161,63
6.1,0.9896059036254883,376,46,408,70
2019,0.9979672354163608,32,162,86,186
2020,0.9842786127723381,116,162,170,186
2021,0.9999998807907104,200,162,252,186
2022,0.9999995827674866,282,162,336,186
2023,0.9604792954388199,366,162,420,186
