raw,conf,x1,y1,x2,y2
DBS /ceneadion,0.10418724199528714,36,68,184,96
Comn,0.7689188718795776,96,254,139,273
the Future,0.7935600694033631,62,269,136,294
celobDAnNC,0.09573646008651951,815,279,899,291
t0 Face,0.23938550526684194,13,283,63,301
Oya Coaporate,0.08788668159280409,815,289,915,303
Cohmuun,0.10185927795836068,841,313,911,325
Empowvering,0.36472652783747717,10,267,100,276
eanidence,0.3469915419289817,42,296,124,300
Kth,0.037646788247525105,13,301,45,310
