mode,p50_ms,p95_ms,mean_ms,std_ms
baseline,6457.34,9092.405,6603.6016666666665,2711.417781467536
react_agent_cfo,2071.58,2533.145,2090.596666666667,484.60492241962777
