mode,p50_ms,p95_ms,mean_ms,std_ms
baseline,7108.01,8428.607,7041.433333333333,1568.2552430753528
