mode,p50_ms,p95_ms,mean_ms,std_ms
baseline,7108.01,8428.607,7041.433333333333,1568.2552430753528
react_agent_cfo,2071.58,2533.145,2090.596666666667,484.6049224196277
