mode,p50_ms,p95_ms,mean_ms,std_ms
agentic,8525.48,9421.97,8189.41,1528.1761435449775
baseline,6496.71,8110.761,6895.973333333332,1243.5339609489297
results_agent,15669.16,18287.293999999998,14328.578,4169.603949234268
results_baseline(old),3553.97,3553.97,3553.97,
