mode_base,p50_ms,p95_ms,mean_ms,std_ms
baseline,4713.445,5389.363,4589.301666666666,943.3812170238144
react_agent_cfo,1971.66,4918.628999999999,2875.556666666667,2072.1157176261495
