raw,conf,x1,y1,x2,y2
DBS,0.9964466973012124,122,6,270,78
"Live more, Bank less",0.6115805462774093,16,90,310,120
