raw,conf,x1,y1,x2,y2
"Live more,",0.671696815231713,365,53,545,95
DBS,0.9991496403864294,119,49,303,135
Bank less,0.7420011077094781,364,90,537,131
