raw,conf,x1,y1,x2,y2
LieeCaiie Oe,1.6672412411718727e-05,1001,0,1217,13
T],0.051661831593381176,1271,0,1341,19
Oitatgd,0.0016944731519026419,1359,0,1503,17
DBS,0.9956225376353284,88,0,254,76
Gross loans,0.9680646431126043,313,31,507,73
